dateTime,numCharacters,numWords,avgCharsPerWord,numTenCharOrMoreWords,numComputerKeywords,numExclaimationPoints
2021-01-03T02:54:00.000Z,840,156,4.39,10,0,0
2022-04-20T04:00:00.000Z,4249,834,4.1,36,0,0
2018-09-11T21:38:00.000Z,1183,219,4.41,8,1,0
2018-09-13T04:07:00.000Z,4663,830,4.62,61,0,0
2018-09-15T20:45:00.000Z,2716,475,4.72,34,0,1
2018-09-16T04:19:00.000Z,1374,265,4.19,13,0,2
2018-09-17T15:44:00.000Z,4021,776,4.18,29,1,1
2018-09-20T01:08:00.000Z,4193,756,4.55,50,1,0
2018-09-22T19:28:00.000Z,1462,290,4.04,10,0,0
2018-09-25T21:34:00.000Z,9641,1829,4.27,68,3,5
2018-09-28T22:36:00.000Z,371,66,4.64,4,0,1
2018-10-01T18:11:00.000Z,1270,250,4.08,9,0,0
2018-10-03T17:11:00.000Z,3209,605,4.31,26,0,0
2018-10-04T19:09:00.000Z,772,143,4.41,7,1,0
2018-10-05T02:17:00.000Z,4825,922,4.23,45,0,0
2018-10-05T05:17:00.000Z,1684,317,4.32,15,0,0
2018-10-05T18:47:00.000Z,1532,303,4.06,7,0,0
2018-10-06T22:14:00.000Z,925,172,4.38,6,0,0
2018-10-07T21:08:00.000Z,384,74,4.2,1,0,0
2018-10-08T20:00:00.000Z,589,113,4.22,5,2,1
2018-10-14T16:46:00.000Z,7438,1398,4.32,48,0,0
2018-10-15T00:44:00.000Z,865,167,4.19,10,0,0
2018-10-15T23:58:00.000Z,907,183,3.96,2,0,0
2018-10-16T00:54:00.000Z,346,65,4.34,1,0,0
2018-10-22T06:01:00.000Z,2145,399,4.38,15,0,0
2018-10-22T23:09:00.000Z,2149,421,4.11,12,0,0
2018-10-22T23:09:00.000Z,1135,214,4.31,6,0,0
2018-10-23T03:12:00.000Z,1208,237,4.1,4,1,0
2018-10-22T22:46:00.000Z,216,40,4.42,1,0,0
2018-10-26T19:34:00.000Z,1911,358,4.34,15,0,0
2018-10-28T18:20:00.000Z,4834,920,4.26,42,0,0
2018-11-06T01:01:00.000Z,463,94,3.94,2,0,0
2018-11-12T22:15:00.000Z,770,146,4.28,9,0,0
2018-11-14T07:55:00.000Z,3018,566,4.33,36,0,1
2018-11-16T04:25:00.000Z,2211,431,4.13,28,0,0
2018-11-21T20:40:00.000Z,6520,1279,4.1,43,1,1
2018-12-29T23:31:00.000Z,861,172,4.01,3,0,0
2019-01-06T09:06:00.000Z,3015,576,4.24,17,0,0
2019-01-07T04:10:00.000Z,586,124,3.73,4,0,0
2019-01-08T06:00:00.000Z,58,12,3.92,0,0,0
2019-01-15T06:33:00.000Z,6103,1164,4.24,57,0,0
2019-01-27T07:35:00.000Z,5571,1034,4.39,57,1,0
2019-02-01T06:06:00.000Z,2981,566,4.27,26,0,0
2019-02-03T09:27:00.000Z,498,99,4.04,5,0,0
2019-02-04T14:14:00.000Z,13853,2631,4.27,108,0,0
2019-02-05T01:42:00.000Z,2688,513,4.24,18,2,0
2019-02-13T03:14:00.000Z,5321,969,4.49,53,6,2
2019-02-14T16:32:00.000Z,4948,894,4.54,54,2,0
2019-02-15T20:51:00.000Z,7362,1391,4.29,57,0,2
2019-02-16T19:27:00.000Z,799,158,4.06,5,2,0
2019-02-17T08:11:00.000Z,366,68,4.4,4,0,1
2019-02-18T19:52:00.000Z,6854,1297,4.29,45,0,0
2019-02-19T20:20:00.000Z,334,61,4.49,1,0,1
2019-02-22T05:06:00.000Z,9025,1693,4.33,82,0,0
2019-02-24T17:07:00.000Z,311,62,4.03,3,0,0
2019-02-24T17:27:00.000Z,4847,910,4.33,49,1,0
2019-02-25T06:44:00.000Z,2977,543,4.48,38,0,0
2019-02-27T05:27:00.000Z,2707,520,4.21,27,0,0
2019-02-28T21:52:00.000Z,1645,322,4.11,10,0,0
2019-03-03T07:58:00.000Z,2805,554,4.06,18,0,0
2019-03-05T04:39:00.000Z,3487,663,4.26,37,0,0
2019-03-09T06:15:00.000Z,3438,660,4.21,25,1,0
2019-03-10T07:36:00.000Z,4497,841,4.35,40,0,0
2019-03-12T22:16:00.000Z,5007,927,4.4,49,0,0
2019-03-14T05:00:00.000Z,4240,791,4.36,40,0,0
2019-03-03T22:34:00.000Z,5651,1093,4.17,38,0,0
2019-03-20T03:32:00.000Z,7939,1472,4.39,73,0,0
2019-03-20T14:37:00.000Z,4087,749,4.46,32,0,1
2019-03-21T18:14:00.000Z,1216,232,4.25,9,1,0
2019-03-22T00:27:00.000Z,2528,482,4.25,18,1,1
2019-03-25T03:43:00.000Z,1361,250,4.45,18,0,1
2019-03-26T15:17:00.000Z,493,96,4.15,3,0,0
2019-03-28T08:11:00.000Z,3441,656,4.25,24,1,2
2019-03-31T05:33:00.000Z,6008,1142,4.26,40,0,2
2019-04-01T18:27:00.000Z,2169,393,4.52,25,0,0
2019-04-03T18:11:00.000Z,5377,939,4.73,77,1,1
2019-04-03T23:51:00.000Z,3549,668,4.31,35,0,0
2019-04-04T00:39:00.000Z,237,46,4.17,3,0,0
2019-04-07T22:05:00.000Z,8262,1545,4.35,78,0,4
2019-04-09T15:13:00.000Z,5390,1001,4.39,45,1,0
2019-04-10T14:23:00.000Z,2201,428,4.14,18,1,0
2019-04-12T18:02:00.000Z,214,43,4,1,0,0
2019-04-13T20:56:00.000Z,2773,517,4.37,25,1,0
2019-04-17T05:37:00.000Z,3914,695,4.63,44,2,0
2019-04-18T23:52:00.000Z,2648,512,4.17,17,0,0
2019-04-20T01:33:00.000Z,1100,217,4.07,3,0,0
2019-04-22T18:34:00.000Z,5472,1070,4.11,36,0,0
2019-04-23T05:48:00.000Z,931,179,4.21,8,1,0
2019-04-23T20:04:00.000Z,1964,394,3.99,7,0,0
2019-04-25T04:20:00.000Z,6900,1312,4.26,62,0,0
2019-04-25T17:36:00.000Z,420,80,4.26,4,0,0
2019-04-30T20:45:00.000Z,264,56,3.73,1,0,0
2019-05-02T03:52:00.000Z,1359,268,4.07,10,0,1
2019-05-03T17:24:00.000Z,2588,494,4.24,20,0,1
2019-05-05T19:39:00.000Z,316,64,3.95,1,0,0
2019-05-09T04:55:00.000Z,7232,1346,4.37,62,0,0
2019-05-10T18:25:00.000Z,962,195,3.94,4,0,0
2019-05-12T18:48:00.000Z,1373,255,4.39,7,0,1
2019-05-30T00:10:00.000Z,3349,645,4.19,22,0,1
2019-05-30T00:38:00.000Z,718,135,4.33,4,0,0
2019-06-06T02:14:00.000Z,1212,235,4.16,8,0,0
2019-06-20T02:54:00.000Z,5149,948,4.43,60,0,0
2019-06-20T04:59:00.000Z,1241,225,4.52,10,0,0
2019-06-25T05:28:00.000Z,913,165,4.54,7,0,0
2019-06-27T18:19:00.000Z,263,51,4.18,2,0,0
2019-06-30T01:54:00.000Z,3435,603,4.7,50,0,0
2019-07-28T03:30:00.000Z,8207,1545,4.31,72,0,0
2019-08-04T07:20:00.000Z,5989,1107,4.41,72,0,0
2019-09-04T20:28:00.000Z,4903,966,4.08,31,0,0
2019-09-05T01:46:00.000Z,3721,705,4.28,39,0,0
2019-09-06T02:21:00.000Z,3148,611,4.15,30,0,1
2019-09-06T17:25:00.000Z,2274,438,4.19,27,1,1
2019-09-09T01:52:00.000Z,2025,372,4.45,17,0,0
2019-09-09T03:51:00.000Z,830,154,4.4,7,0,0
2019-09-10T06:30:00.000Z,211,43,3.93,1,0,0
2019-09-11T01:19:00.000Z,73,12,5.17,1,0,0
2019-09-15T01:53:00.000Z,6029,1091,4.53,61,2,2
2019-09-15T08:07:00.000Z,442,80,4.54,7,0,0
2019-09-16T15:11:00.000Z,4153,802,4.18,32,0,0
2019-09-17T03:40:00.000Z,1101,215,4.13,9,0,1
2019-09-19T00:51:00.000Z,736,150,3.91,6,0,0
2019-09-19T02:17:00.000Z,104,19,4.53,1,0,0
2019-09-21T03:36:00.000Z,62,14,3.5,0,0,0
2019-09-23T04:12:00.000Z,1137,220,4.17,11,0,0
2019-09-25T03:09:00.000Z,1588,297,4.35,17,0,0
2019-09-29T18:12:00.000Z,1633,315,4.19,12,0,0
2019-09-29T19:05:00.000Z,2620,501,4.23,20,0,0
2019-09-30T02:03:00.000Z,3768,696,4.42,43,0,0
2019-10-01T04:18:00.000Z,2445,450,4.44,25,0,0
2019-10-06T02:22:00.000Z,4430,821,4.4,49,0,1
2019-10-22T15:39:00.000Z,5927,1126,4.26,49,0,0
2019-10-23T05:43:00.000Z,3021,563,4.37,35,0,0
2019-10-24T00:53:00.000Z,831,142,4.86,19,0,0
2019-10-24T03:05:00.000Z,2205,408,4.41,24,0,0
2019-10-28T00:51:00.000Z,2156,411,4.25,16,0,0
2019-11-06T21:06:00.000Z,322,63,4.13,3,0,0
2019-11-08T17:26:00.000Z,240,45,4.36,2,0,0
2019-11-11T02:40:00.000Z,477,97,3.93,3,0,1
2019-11-11T17:21:00.000Z,2725,526,4.18,23,0,0
2019-11-13T04:10:00.000Z,2272,403,4.64,24,0,0
2019-11-17T00:17:00.000Z,4220,812,4.2,37,0,0
2019-11-17T08:04:00.000Z,10401,1885,4.52,126,1,0
2019-11-20T06:44:00.000Z,934,183,4.11,9,0,0
2019-11-25T13:50:00.000Z,222,43,4.19,3,0,2
2019-11-25T21:52:00.000Z,324,61,4.33,2,0,0
2019-11-25T21:53:00.000Z,7881,1485,4.31,81,0,0
2019-12-02T15:20:00.000Z,817,154,4.31,4,0,0
2019-12-02T19:47:00.000Z,531,103,4.17,4,0,0
2019-12-04T04:28:00.000Z,1842,345,4.34,23,0,0
2019-12-04T23:08:00.000Z,1093,212,4.16,9,0,0
2019-12-11T05:59:00.000Z,367,74,3.97,1,0,1
2019-12-11T21:06:00.000Z,6686,1307,4.12,39,0,0
2019-12-12T04:20:00.000Z,179,29,5.21,1,0,1
2019-12-13T18:15:00.000Z,2112,383,4.52,26,0,2
2019-12-16T20:17:00.000Z,1488,274,4.43,10,0,1
2019-12-17T02:05:00.000Z,126,25,4.08,0,0,0
2019-01-03T22:06:00.000Z,1768,328,4.39,14,0,5
2019-01-05T21:00:00.000Z,4121,779,4.29,39,0,1
2019-01-07T19:55:00.000Z,3015,576,4.24,28,0,1
2019-01-07T21:04:00.000Z,1489,279,4.34,13,0,5
2019-01-09T19:04:00.000Z,310,62,4.02,2,0,2
2019-01-15T00:49:00.000Z,545,101,4.41,5,0,1
2019-01-15T03:44:00.000Z,472,85,4.56,6,0,0
2019-01-17T20:04:00.000Z,9290,1761,4.28,71,3,4
2020-01-31T20:04:00.000Z,10067,1945,4.18,74,0,7
2020-02-01T20:21:00.000Z,2006,369,4.44,24,0,0
2020-02-05T18:02:00.000Z,3412,637,4.36,36,0,3
2020-02-05T22:52:00.000Z,299,58,4.17,4,0,0
2020-02-10T19:58:00.000Z,916,170,4.39,5,0,1
2020-02-11T06:46:00.000Z,583,106,4.51,8,0,1
2020-02-11T20:34:00.000Z,1260,238,4.3,13,0,1
2020-02-17T02:10:00.000Z,873,167,4.23,6,0,2
2020-02-19T20:44:00.000Z,1143,226,4.06,6,0,1
2020-02-28T05:42:00.000Z,3436,637,4.4,37,0,1
2020-03-06T17:39:00.000Z,7327,1320,4.55,69,0,0
2020-03-09T17:36:00.000Z,4698,894,4.26,42,0,1
2020-03-11T05:12:00.000Z,1244,228,4.46,10,0,0
2020-03-11T16:27:00.000Z,1648,323,4.11,12,0,2
2020-03-11T21:56:00.000Z,3465,667,4.2,21,0,3
2020-03-13T02:28:00.000Z,2727,508,4.37,31,0,1
2020-03-13T18:18:00.000Z,3575,652,4.48,31,0,0
2020-03-13T20:50:00.000Z,158,30,4.3,1,0,0
2020-03-14T17:27:00.000Z,350,67,4.24,4,0,0
2020-03-18T05:07:00.000Z,347,66,4.27,5,0,0
2020-03-18T23:06:00.000Z,1522,294,4.18,7,0,0
2020-03-19T01:26:00.000Z,92,20,3.65,0,0,0
2020-03-22T18:01:00.000Z,1255,218,4.76,12,0,0
2020-03-26T03:20:00.000Z,286,55,4.22,0,0,0
2020-03-30T02:21:00.000Z,2298,441,4.21,22,0,0
2020-03-30T02:53:00.000Z,324,60,4.42,2,0,0
2020-03-31T16:44:00.000Z,222,43,4.19,1,0,0
2020-04-03T18:34:00.000Z,1921,356,4.4,22,1,0
2020-04-05T12:32:00.000Z,3638,677,4.38,33,0,9
2020-04-05T13:46:00.000Z,2723,512,4.32,29,0,0
2020-04-06T23:23:00.000Z,3428,627,4.47,30,0,0
2020-04-12T14:28:00.000Z,2035,380,4.36,11,3,0
2020-04-12T15:37:00.000Z,195,36,4.44,2,1,1
2020-04-13T17:16:00.000Z,1879,363,4.18,15,2,2
2020-04-15T20:11:00.000Z,1421,267,4.33,8,0,4
2020-04-18T21:41:00.000Z,12881,2348,4.49,121,1,4
2019-04-23T16:46:00.000Z,223,41,4.46,1,0,0
2019-04-25T02:55:00.000Z,703,138,4.1,4,0,0
2020-04-30T01:27:00.000Z,9427,1772,4.32,86,5,3
2020-04-30T12:24:00.000Z,1530,291,4.26,11,0,2
2020-04-30T16:21:00.000Z,4899,908,4.4,35,1,3
2020-04-30T20:40:00.000Z,1069,197,4.43,6,1,0
2020-05-01T14:12:00.000Z,12580,2336,4.39,102,0,7
2020-05-01T16:12:00.000Z,5168,944,4.48,39,0,8
2019-05-03T16:50:00.000Z,4911,954,4.15,51,0,2
2020-05-07T00:39:00.000Z,501,95,4.28,1,0,1
2020-05-07T17:29:00.000Z,3640,679,4.36,36,0,0
2020-05-07T22:53:00.000Z,1191,227,4.25,11,0,1
2020-05-08T00:24:00.000Z,1997,368,4.43,25,0,0
2020-05-08T00:53:00.000Z,1887,330,4.72,19,1,1
2020-05-12T14:59:00.000Z,3493,684,4.11,28,0,1
2020-05-12T21:16:00.000Z,538,100,4.39,5,0,0
2020-05-16T00:53:00.000Z,3913,750,4.22,39,0,0
2020-05-16T01:46:00.000Z,233,45,4.2,1,1,1
2020-05-19T02:46:00.000Z,281,50,4.64,2,0,1
2020-05-20T03:02:00.000Z,3294,611,4.39,27,0,0
2020-05-20T19:19:00.000Z,1423,265,4.37,13,0,0
2020-05-20T19:44:00.000Z,595,122,3.89,4,0,0
2020-05-22T01:58:00.000Z,180,31,4.84,2,0,0
2020-05-27T03:26:00.000Z,3056,571,4.35,22,0,0
2020-05-27T04:37:00.000Z,476,88,4.42,6,0,0
2020-05-28T01:07:00.000Z,6692,1241,4.39,67,0,1
2020-05-28T19:09:00.000Z,187,32,4.88,1,1,0
2020-05-28T20:20:00.000Z,1590,299,4.32,12,0,1
2020-05-29T00:46:00.000Z,1654,315,4.25,13,3,3
2020-05-29T03:21:00.000Z,7084,1300,4.45,76,0,1
2020-05-29T16:53:00.000Z,961,175,4.5,9,1,0
2020-05-29T23:15:00.000Z,3441,638,4.39,36,1,0
2020-06-02T04:06:00.000Z,1006,191,4.27,11,0,1
2020-06-02T14:20:00.000Z,1094,196,4.59,12,0,0
2020-06-04T02:25:00.000Z,5185,951,4.45,53,1,0
2020-06-07T05:28:00.000Z,3019,550,4.49,37,1,0
2020-06-08T18:44:00.000Z,125,24,4.25,1,0,0
2020-06-10T16:06:00.000Z,217,45,3.84,2,0,0
2020-06-12T03:35:00.000Z,134,26,4.19,1,0,0
2020-07-05T05:33:00.000Z,1149,206,4.58,11,0,0
2020-07-05T13:25:00.000Z,1707,307,4.56,21,0,0
2020-07-05T22:24:00.000Z,3343,599,4.58,33,1,0
2020-07-06T22:44:00.000Z,12191,2228,4.47,142,3,1
2020-07-08T01:44:00.000Z,977,184,4.32,9,1,0
2020-07-08T02:32:00.000Z,414,77,4.39,4,0,1
2020-07-15T16:25:00.000Z,2958,569,4.2,29,0,0
2020-07-16T18:20:00.000Z,129,25,4.2,0,0,0
2020-07-18T13:23:00.000Z,7585,1424,4.33,74,1,0
2020-07-21T13:37:00.000Z,1899,321,4.92,29,4,1
2020-07-21T15:32:00.000Z,967,172,4.63,9,2,0
2020-07-24T12:39:00.000Z,6530,1189,4.49,73,3,0
2020-07-25T15:54:00.000Z,4533,818,4.54,47,0,0
2020-07-26T20:38:00.000Z,18773,3502,4.36,177,3,10
2020-08-19T17:19:00.000Z,9784,1861,4.26,76,1,1
2020-08-19T20:03:00.000Z,636,118,4.4,7,0,0
2020-08-19T20:29:00.000Z,708,137,4.18,4,0,0
2020-08-20T02:01:00.000Z,510,97,4.27,3,0,0
2020-08-19T15:01:00.000Z,2426,465,4.22,10,0,1
2020-08-24T14:38:00.000Z,9734,1834,4.31,83,0,5
2020-08-25T13:19:00.000Z,7793,1532,4.09,37,0,0
2020-08-25T14:19:00.000Z,285,52,4.5,5,0,0
2020-08-26T13:49:00.000Z,1027,182,4.65,13,0,0
2020-08-26T15:37:00.000Z,122,23,4.35,0,0,0
2020-08-28T14:51:00.000Z,365,65,4.63,4,0,1
2020-08-29T22:05:00.000Z,1441,283,4.1,9,0,0
2020-08-30T00:11:00.000Z,0,1,0,0,0,0
2020-08-30T01:12:00.000Z,564,109,4.18,2,0,0
2020-08-31T17:42:00.000Z,10985,2005,4.48,99,2,0
2020-09-01T03:07:00.000Z,9991,1837,4.44,81,0,1
2020-09-04T02:09:00.000Z,3125,558,4.6,30,0,0
2020-09-06T05:06:00.000Z,111,22,4.09,1,0,0
2020-09-05T03:46:00.000Z,1089,190,4.74,10,1,0
2020-09-06T17:23:00.000Z,3952,755,4.24,30,1,4
2020-09-07T02:02:00.000Z,385,67,4.76,5,0,0
2020-09-09T21:00:00.000Z,3846,688,4.59,45,1,0
2020-09-10T15:41:00.000Z,3331,630,4.29,25,0,12
2020-09-10T16:20:00.000Z,290,60,3.85,0,0,0
2020-09-10T18:25:00.000Z,5601,1045,4.36,41,4,2
2020-09-10T20:41:00.000Z,309,57,4.44,3,0,0
2020-09-11T01:35:00.000Z,357,66,4.42,2,0,0
2020-09-11T22:32:00.000Z,2900,539,4.38,24,0,0
2020-09-12T03:25:00.000Z,3942,713,4.53,40,0,1
2020-09-14T17:01:00.000Z,3352,586,4.72,48,0,0
2020-09-15T02:39:00.000Z,2684,514,4.22,26,0,0
2020-09-15T03:31:00.000Z,147,33,3.48,1,0,0
2020-09-15T22:48:00.000Z,1493,271,4.51,9,1,0
2020-09-17T20:53:00.000Z,2228,423,4.27,17,2,0
2020-09-18T16:55:00.000Z,2845,530,4.37,27,3,2
2020-09-20T23:28:00.000Z,5422,990,4.48,47,8,1
2020-09-21T00:14:00.000Z,1393,251,4.55,13,0,11
2020-09-26T17:14:00.000Z,4654,863,4.39,39,0,0
2020-09-28T14:18:00.000Z,6092,1149,4.3,52,1,2
2020-09-30T17:17:00.000Z,7192,1307,4.5,68,1,4
2020-09-30T18:06:00.000Z,1666,301,4.54,19,0,0
2020-10-01T02:02:00.000Z,2853,529,4.4,28,0,0
2020-10-02T05:20:00.000Z,1562,284,4.5,14,0,0
2020-10-02T20:21:00.000Z,1540,289,4.33,12,0,0
2020-10-03T19:26:00.000Z,930,184,4.06,4,1,1
2020-10-06T03:49:00.000Z,785,146,4.38,11,0,0
2020-10-05T16:29:00.000Z,1383,258,4.36,16,0,0
2020-10-08T02:21:00.000Z,567,110,4.16,2,0,0
2020-10-08T13:05:00.000Z,5833,1112,4.25,56,0,2
2020-10-09T18:57:00.000Z,5249,1006,4.22,45,0,1
2020-10-13T01:42:00.000Z,848,160,4.31,5,0,0
2020-10-13T12:58:00.000Z,1175,235,4,6,0,0
2020-10-14T04:00:00.000Z,1855,356,4.21,19,0,0
2020-10-14T20:24:00.000Z,4103,793,4.18,31,0,0
2020-10-14T21:57:00.000Z,800,158,4.07,5,0,0
2020-10-15T02:18:00.000Z,7184,1345,4.34,80,1,1
2020-10-16T14:01:00.000Z,576,110,4.25,6,0,1
2020-10-19T01:41:00.000Z,4084,760,4.38,43,0,2
2020-10-19T15:00:00.000Z,337,66,4.12,5,0,0
2020-10-20T03:07:00.000Z,2508,480,4.23,26,0,3
2020-10-20T17:49:00.000Z,447,85,4.27,6,0,1
2020-10-21T02:06:00.000Z,1602,318,4.04,10,0,0
2020-10-21T23:35:00.000Z,3204,596,4.38,31,0,0
2020-10-25T16:52:00.000Z,338,72,3.71,1,0,0
2020-10-28T05:07:00.000Z,1808,344,4.26,18,0,0
2020-10-28T05:32:00.000Z,504,94,4.37,5,0,0
2020-10-29T00:35:00.000Z,1092,209,4.23,5,0,0
2020-10-31T18:59:00.000Z,5297,990,4.35,44,0,0
2020-10-01T17:06:00.000Z,1098,205,4.36,13,0,0
2020-11-04T15:30:00.000Z,1493,283,4.28,11,0,0
2020-11-05T00:54:00.000Z,1714,305,4.62,23,1,1
2020-11-11T23:04:00.000Z,2255,444,4.08,15,0,0
2020-11-13T04:32:00.000Z,6460,1223,4.28,49,1,0
2020-11-21T19:24:00.000Z,4194,815,4.15,23,0,0
2020-11-23T05:05:00.000Z,935,184,4.09,5,0,0
2020-11-30T16:07:00.000Z,1632,324,4.04,10,0,0
2020-11-30T20:20:00.000Z,8272,1592,4.2,67,0,0
2020-12-01T21:38:00.000Z,1144,236,3.85,4,0,0
2020-12-02T14:02:00.000Z,870,171,4.09,5,2,0
2020-12-03T01:35:00.000Z,1919,382,4.03,11,0,0
2020-12-05T16:43:00.000Z,6017,1141,4.27,32,1,0
2020-12-05T20:05:00.000Z,1318,268,3.92,4,0,0
2021-01-03T01:15:00.000Z,11667,2223,4.25,88,0,3
2021-01-11T18:23:00.000Z,2559,492,4.2,14,0,1
2021-01-25T03:36:00.000Z,333,68,3.91,0,0,0
2021-01-28T17:44:00.000Z,3131,604,4.19,15,0,0
2021-02-06T04:48:00.000Z,6397,1188,4.39,52,2,3
2021-02-08T16:46:00.000Z,792,155,4.12,3,2,0
2021-02-09T11:42:00.000Z,996,194,4.14,3,1,1
2021-02-10T00:13:00.000Z,11020,2118,4.2,74,6,2
2021-02-11T03:53:00.000Z,1107,214,4.18,5,0,2
2021-02-11T04:24:00.000Z,307,63,3.89,0,0,0
2021-02-10T17:06:00.000Z,1658,291,4.7,15,0,0
2021-02-10T20:06:00.000Z,4671,896,4.21,36,0,0
2021-02-12T03:19:00.000Z,11169,2153,4.19,77,2,2
2021-02-15T20:39:00.000Z,623,129,3.84,2,2,1
2021-02-18T03:40:00.000Z,6221,1192,4.22,52,1,1
2021-02-18T15:17:00.000Z,1116,225,3.96,3,0,0
2021-02-24T23:36:00.000Z,3167,617,4.13,21,2,0
2021-02-25T15:30:00.000Z,1803,342,4.27,7,0,0
2021-02-26T15:26:00.000Z,535,106,4.06,3,0,3
2021-02-26T23:00:00.000Z,260,49,4.33,1,0,0
2021-02-27T15:41:00.000Z,6925,1313,4.27,51,0,0
2021-02-28T15:07:00.000Z,4585,891,4.15,24,0,4
2021-03-01T20:20:00.000Z,265,56,3.75,1,0,1
2021-03-01T21:20:00.000Z,338,61,4.56,3,1,0
2021-03-01T21:40:00.000Z,1081,183,4.91,17,1,0
2021-03-01T22:02:00.000Z,3759,717,4.24,22,0,0
2021-03-02T15:45:00.000Z,2766,525,4.27,15,0,0
2021-03-02T21:01:00.000Z,2966,545,4.44,24,0,0
2020-03-03T22:59:00.000Z,3809,742,4.13,24,0,1
2021-03-08T16:00:00.000Z,5282,1027,4.14,35,1,4
2021-03-13T17:29:00.000Z,5130,1001,4.13,29,0,0
2021-03-17T21:45:00.000Z,537,98,4.49,1,0,2
2021-03-21T18:36:00.000Z,261,48,4.46,4,0,0
2021-03-21T23:46:00.000Z,5637,1044,4.4,36,0,0
2021-11-22T17:58:00.000Z,292,58,4.05,0,0,0
2021-03-22T22:31:00.000Z,2575,483,4.33,25,0,1
2021-03-23T16:30:00.000Z,2027,417,3.86,8,0,0
2021-03-23T18:17:00.000Z,93,20,3.7,0,0,0
2021-03-24T16:15:00.000Z,1616,306,4.28,8,0,0
2021-03-24T19:01:00.000Z,53,12,3.5,0,0,0
2021-03-25T02:54:00.000Z,8184,1560,4.25,61,3,2
2021-03-26T01:33:00.000Z,1968,373,4.28,16,0,0
2021-03-26T01:58:00.000Z,334,69,3.86,2,0,0
2021-03-26T02:36:00.000Z,1051,191,4.51,12,1,0
2021-03-26T13:56:00.000Z,116,22,4.32,0,0,0
2021-03-29T18:49:00.000Z,437,87,4.03,3,0,1
2021-03-31T14:25:00.000Z,374,65,4.77,6,0,1
2021-03-31T19:26:00.000Z,1563,301,4.2,9,0,2
2021-04-05T03:38:00.000Z,355,64,4.56,3,0,0
2021-04-05T21:39:00.000Z,1168,226,4.17,8,1,0
2021-04-07T00:27:00.000Z,1141,216,4.29,9,2,0
2021-04-07T14:56:00.000Z,1379,273,4.05,4,0,1
2021-04-07T17:48:00.000Z,400,71,4.65,5,1,0
2021-04-08T00:24:00.000Z,3222,612,4.27,20,2,0
2021-04-08T15:43:00.000Z,0,1,0,0,0,0
2021-04-09T01:07:00.000Z,212,38,4.61,1,0,0
2021-04-10T02:20:00.000Z,729,144,4.07,2,0,0
2021-04-11T00:54:00.000Z,642,126,4.1,6,1,0
2021-04-11T13:58:00.000Z,1573,297,4.3,13,0,0
2021-04-12T14:34:00.000Z,324,66,3.92,2,0,0
2021-04-12T23:53:00.000Z,2652,488,4.44,30,0,0
2021-04-13T13:01:00.000Z,2240,428,4.24,18,0,0
2021-04-12T19:42:00.000Z,1056,200,4.29,5,0,0
2021-04-12T21:33:00.000Z,669,133,4.04,3,0,0
2021-04-14T00:11:00.000Z,192,39,3.95,0,0,0
2021-04-14T20:41:00.000Z,171,32,4.38,2,1,0
2021-04-15T20:28:00.000Z,2106,408,4.16,11,0,1
2021-04-19T02:13:00.000Z,3712,702,4.29,25,0,1
2021-04-21T20:24:00.000Z,3478,646,4.39,27,2,2
2021-04-26T15:50:00.000Z,10095,1901,4.31,74,2,4
2021-05-02T00:45:00.000Z,730,144,4.08,4,1,0
2021-05-07T13:48:00.000Z,1575,302,4.22,6,0,1
2021-05-07T20:36:00.000Z,662,135,3.91,2,0,0
2021-05-08T16:07:00.000Z,2293,437,4.25,19,0,1
2022-05-10T15:59:00.000Z,251,50,4.04,0,0,1
2021-05-10T16:21:00.000Z,88,18,3.94,0,0,0
2021-05-10T21:34:00.000Z,7039,1289,4.46,80,0,0
2021-05-12T19:34:00.000Z,1011,194,4.22,8,3,2
2021-05-14T17:57:00.000Z,305,56,4.46,1,0,1
2021-05-19T04:39:00.000Z,4338,864,4.02,15,1,0
2021-05-20T21:33:00.000Z,1602,311,4.15,6,3,3
2021-05-25T01:59:00.000Z,110,21,4.29,1,0,0
2021-05-25T20:41:00.000Z,297,59,4.05,1,0,0
2021-06-03T03:33:00.000Z,1918,374,4.13,15,0,0
2021-06-22T21:23:00.000Z,1728,332,4.21,8,0,0
2021-06-27T15:05:00.000Z,12503,2408,4.19,82,0,3
2021-06-29T01:40:00.000Z,3087,578,4.34,23,1,0
2021-07-03T02:13:00.000Z,6179,1193,4.18,38,1,3
2021-07-03T03:30:00.000Z,3866,768,4.04,11,1,2
2021-07-11T16:50:00.000Z,7188,1398,4.14,24,2,1
2021-07-13T01:44:00.000Z,8472,1642,4.16,35,0,2
2021-07-13T03:10:00.000Z,703,138,4.1,5,0,0
2021-07-16T00:16:00.000Z,441,84,4.26,4,0,0
2021-07-16T22:37:00.000Z,1670,327,4.11,11,1,0
2021-07-18T20:47:00.000Z,215,44,3.91,1,0,0
2021-07-18T20:54:00.000Z,3118,587,4.31,22,1,4
2021-08-08T16:25:00.000Z,85,17,4.06,0,0,0
2021-09-04T06:09:00.000Z,7212,1371,4.26,42,0,0
2021-09-09T00:05:00.000Z,5303,1045,4.08,16,0,0
2021-09-13T13:51:00.000Z,1484,286,4.19,7,0,0
2021-09-16T00:41:00.000Z,10641,1986,4.36,90,0,2
2021-09-16T22:46:00.000Z,234,50,3.7,1,0,0
2021-09-18T17:03:00.000Z,5648,1102,4.13,17,0,0
2021-09-20T17:18:00.000Z,2360,453,4.21,12,0,0
2021-09-22T01:54:00.000Z,1763,323,4.46,7,0,1
2021-09-22T22:00:00.000Z,3527,691,4.11,19,0,1
2021-09-27T04:00:00.000Z,692,136,4.1,6,0,0
2021-09-30T04:24:00.000Z,3356,633,4.3,25,1,0
2021-10-10T13:46:00.000Z,1682,321,4.24,8,1,1
2021-10-11T21:55:00.000Z,699,141,3.96,4,0,0
2021-10-13T00:25:00.000Z,2381,469,4.08,15,0,0
2021-10-14T00:11:00.000Z,1126,237,3.76,3,0,0
2021-10-18T19:11:00.000Z,1645,311,4.29,9,0,0
2021-10-20T00:03:00.000Z,3755,741,4.07,17,0,0
2021-10-24T22:22:00.000Z,1409,255,4.53,12,0,0
2021-10-26T17:23:00.000Z,523,97,4.4,4,0,0
2021-11-03T00:08:00.000Z,1480,303,3.89,7,0,0
2021-11-04T22:59:00.000Z,1570,295,4.33,9,0,0
2021-11-05T01:04:00.000Z,705,133,4.31,5,0,0
2021-11-07T18:17:00.000Z,3065,597,4.14,18,1,0
2021-11-13T04:28:00.000Z,1535,301,4.1,5,0,0
2021-11-13T16:43:00.000Z,536,105,4.11,2,0,0
2021-11-25T15:35:00.000Z,549,107,4.14,2,1,0
2021-11-28T16:23:00.000Z,1118,221,4.06,4,2,0
2021-11-30T05:24:00.000Z,1196,239,4.01,5,0,0
2021-12-06T15:17:00.000Z,611,117,4.23,3,0,2
2021-12-22T03:45:00.000Z,904,176,4.14,3,0,0
2021-12-24T00:30:00.000Z,273,56,3.89,0,1,0
2022-01-19T03:55:00.000Z,253,44,4.77,1,0,0
2022-01-25T22:45:00.000Z,316,58,4.47,4,0,0
2022-01-27T03:11:00.000Z,3321,628,4.29,27,4,1
2022-02-13T21:04:00.000Z,1420,253,4.62,11,0,1
2022-02-18T00:58:00.000Z,1320,228,4.79,14,5,0
2022-03-16T00:05:00.000Z,895,161,4.57,4,0,0
2022-03-21T02:25:00.000Z,1361,263,4.18,3,0,0
2022-04-03T21:03:00.000Z,5826,1064,4.48,61,2,0
2022-04-10T19:06:00.000Z,910,161,4.66,6,0,0
